Seq ID,Seq,Anti-Microbial,Short Anti-Microbial,Short Anti-Microbial
0,DKLFGPDLK,0.540000,0.419773,0.554167
1,FLSGLPEDTVLLLLN,0.860000,0.422261,0.382500
2,FPRGDKLFGPDLK,0.830000,0.155520,0.500833
3,GDKLFGPDLK,0.360000,0.368479,0.568333
4,GDKLFGPDLKL,0.370000,0.617804,0.657500
5,GDKLFGPDLKLV,0.700000,0.521580,0.643333
6,GFPRGDKLFGPDLK,0.740000,0.096583,0.501667
7,GNKDFLQSLK,0.340000,0.483515,0.454167
8,KDFLQSLKG,0.660000,0.562176,0.516667
9,KDFLQSLKGFPRG,0.700000,0.423195,0.455000
10,KDFLQSLKGFPRGDK,0.810000,0.263676,0.405833
11,KGFPIKEDFLEQSEQLFG,0.880000,0.574940,0.417500
12,KGFPRGDKLFGPDLK,0.730000,0.146644,0.522500
13,KGFPRGDKLFGPDLKL,0.820000,0.325657,0.575000
14,KGFPRGDKLFGPDLKLVPPMEEDYPQFGSPK,0.970000,-1.000000,-1.000000
15,KLFGPDLKL,0.760000,0.829920,0.735833
16,KLFGPDLKLV,0.680000,0.646085,0.714167
17,KLFGPDLKLVPPMEEDYPQFGSPK,0.930000,0.248617,0.310000
18,KLVPPMEEDYPQFGSPK,0.810000,0.262764,0.251667
19,LFGPDLKLV,0.440000,0.536635,0.593333
20,LKLGNQEPGGQTALK,0.730000,0.445853,0.415000
21,LKLVPPMEEDYPQFGSPK,0.760000,0.256637,0.262500
22,LTLLKLGNQEPGGQTAL,0.780000,0.484874,0.401667
23,LVPPMEEDYPQFGS,0.840000,0.474719,0.162500
24,LVPPMEEDYPQFGSPK,0.690000,0.391101,0.151667
25,MEEDYPQFGSPK,0.270000,0.310955,0.167500
26,PDLKLVPPMEEDYPQFGSPK,0.690000,0.167652,0.221667
27,PLTLLKLGNQEPGGQTAL,0.710000,0.507159,0.400833
28,PNQEQVSPLTLLK,0.290000,0.398455,0.362500
29,PRGDKLFGPDLK,0.590000,0.132660,0.475833
30,PRGDKLFGPDLKL,0.620000,0.253980,0.543333
31,QDSPGNKDFLQ,0.030000,0.053790,0.250833
32,QDSPGNKDFLQSL,0.090000,0.105013,0.245833
33,QDSPGNKDFLQSLK,0.170000,0.201014,0.315833
34,QSLVVSGVQHQSTLELS,0.260000,0.312613,0.450000
35,RGDKLFGPDL,0.700000,0.098449,0.364167
36,RGDKLFGPDLK,0.700000,0.213431,0.497500
37,RGDKLFGPDLKL,0.700000,0.433680,0.570833
38,RGDKLFGPDLKLV,0.680000,0.450411,0.549167
39,RGDKLFGPDLKLVPPMEEDYPQFGSPK,0.960000,0.152615,0.277500
40,SLVVSGVQHQSTLE,0.650000,0.219529,0.400833
41,SLVVSGVQHQSTLELS,0.600000,0.408879,0.443333
42,TLLKLGNQEPGGQ,0.430000,0.449494,0.383333
43,TLLKLGNQEPGGQTAL,0.710000,0.475810,0.390833
44,TLLKLGNQEPGGQTALK,0.750000,0.482665,0.441667
45,VALALSHLAL,0.520000,0.573854,0.754167
