Seq ID,Seq,Anti-Microbial,Short Anti-Microbial,Short Anti-Microbial
0,AFKGDSGGPLLC,0.560000,0.367908,0.523333
1,ALPRAQEGLRPGT,0.600000,0.223905,0.265833
2,ALPRAQEGLRPGTLC,0.610000,0.430765,0.325000
3,EIIGGRESRPHSRPY,0.250000,0.841031,0.429167
4,FKGDSGGPLLC,0.630000,0.377463,0.532500
5,FLPWIRTTM,0.820000,0.227280,0.395000
6,GVPPEVFTR,0.620000,0.145164,0.317500
7,GVPPEVFTRVS,0.520000,0.078815,0.304167
8,IFGSYDPRR,0.250000,0.182837,0.283333
9,IGGRESRPHSRPYM,0.820000,0.495927,0.407500
10,IIGGRESRPHSRPYM,0.790000,0.636621,0.424167
11,IQRRENTQQHIT,0.630000,0.438349,0.378333
12,IRHPQYNQRTI,0.680000,0.254735,0.307500
13,IRHPQYNQRTIQ,0.850000,0.275333,0.302500
14,IRHPQYNQRTIQN,0.980000,0.162618,0.303333
15,IRHPQYNQRTIQNDIML,0.790000,0.072510,0.155000
16,IRHPQYNQRTIQNDIMLLQ,0.710000,0.047570,0.145833
17,KSSGVPPEVFTRVS,0.760000,0.215038,0.403333
18,LAFLLPTGA,0.340000,0.580103,0.645833
19,QEGLRPGTLC,0.070000,0.376274,0.297500
20,RAIRHPQYNQRTIQ,0.930000,0.209161,0.369167
21,RAQEGLRPGT,0.510000,0.148165,0.251667
22,RENTQQHITARR,0.520000,0.326295,0.370000
23,RESRPHSRPYM,0.390000,0.666017,0.420000
24,RIFGSYDPRR,0.630000,0.406669,0.376667
25,RNVNPVALPRA,0.840000,0.384781,0.414167
26,RNVNPVALPRAQEG,0.560000,0.264080,0.255833
27,RRENTQQHIT,0.500000,0.261247,0.349167
28,RRENTQQHITAR,0.400000,0.326295,0.370000
29,RRENTQQHITARR,0.410000,0.409001,0.380833
30,RTIQNDIMLLQ,0.700000,0.113145,0.214167
31,RVSSFLPWIRT,0.890000,0.269155,0.470000
32,SFLPWIRTT,0.750000,0.386323,0.430000
33,SFLPWIRTTM,0.660000,0.081950,0.327500
34,SRPHSRPYM,0.420000,0.457173,0.390000
35,SSFLPWIRT,0.550000,0.388250,0.448333
36,SSFLPWIRTT,0.580000,0.362642,0.446667
37,SSFLPWIRTTM,0.590000,0.087932,0.315833
38,SSFLPWIRTTMR,0.690000,0.150955,0.340833
39,VPPEVFTRVS,0.720000,0.066084,0.318333
40,VREDFVLTA,0.350000,0.023792,0.221667
41,VREDFVLTAA,0.680000,0.015032,0.219167
42,VSSFLPWIRT,0.830000,0.147639,0.450833
43,VSSFLPWIRTT,0.710000,0.136814,0.452500
44,VSSFLPWIRTTM,0.780000,0.028084,0.324167
45,VSSFLPWIRTTMR,0.860000,0.054685,0.340833
46,VSSFLPWIRTTMRS,0.860000,0.091843,0.335833
47,VSSFLPWIRTTMRSF,0.900000,0.207534,0.395000
48,VSYGKSSGVPPEVFTRVS,0.890000,0.533243,0.436667
49,VTLGAHNIQ,0.510000,0.137436,0.447500
50,YGKSSGVPPEVFTRVS,0.750000,0.373364,0.403333
