Seq ID,Seq,Anti-Microbial,Short Anti-Microbial,Short Anti-Microbial
0,AEAFLSSLTETIE,0.380000,0.036741,0.381667
1,AFLSSLTETIE,0.490000,0.110757,0.393333
2,AFLSSLTETIEGVD,0.420000,0.058361,0.267500
3,AFLSSLTETIEGVDAEDGHGPGEQQK,0.720000,0.093975,0.233333
4,AQDIKALFVS,0.250000,0.091586,0.412500
5,EAFLSSLTETIE,0.280000,0.068759,0.385833
6,EVAEAFLSSLTETIE,0.270000,0.010983,0.376667
7,EVAEAFLSSLTETIEGVDAEDGHGPGEQQK,0.320000,0.026723,0.247500
8,FLSSLTETIEGVDAEDGHGPGEQQK,0.540000,0.117771,0.231667
9,FLSSLTETIEGVDAEDGHGPGEQQKR,0.730000,0.070071,0.194167
10,IEGVDAEDGHGPGEQQK,0.560000,0.087610,0.247500
11,IILMTDGLHNMGGDPIT,0.590000,0.016516,0.347500
12,INLFQVLPWLKEKLQDEDLGFL,0.650000,0.351701,0.406667
13,ITVIDEIRDLLY,0.520000,0.020671,0.213333
14,ITVIDEIRDLLYI,0.400000,0.012793,0.219167
15,KALFVSEEEKKLTR,0.810000,0.064789,0.403333
16,KDRKNPREDYL,0.240000,0.262881,0.345000
17,KKDNEQHVFK,0.260000,0.369017,0.376667
18,LQDEDLGFL,0.290000,0.350808,0.341667
19,LSSLTETIEGVDAEDGHGPGEQQK,0.810000,0.096094,0.235833
20,LTETIEGVDAEDGHGPGEQQK,0.570000,0.026578,0.207500
21,MYDTPQEVAEAFL,0.260000,0.085123,0.095833
22,RDFHINLFQ,0.640000,0.346488,0.312500
23,RKIVLDPSGSMNIY,0.880000,0.054114,0.275833
24,RKIVLDPSGSMNIYLV,0.830000,0.018519,0.289167
25,RKIVLDPSGSMNIYLVL,0.820000,0.018752,0.305833
26,RKIVLDPSGSMNIYLVLD,0.830000,0.010145,0.259167
27,RSRFIQVGVIS,0.810000,0.520111,0.518333
28,RYGLVTYATYPKI,0.820000,0.046942,0.373333
29,SLTETIEGVDAEDGHGPGEQQK,0.460000,0.035642,0.221667
30,SSLTETIEGVD,0.370000,0.030804,0.275833
31,SSLTETIEGVDAEDGHGPGEQQK,0.370000,0.039449,0.226667
32,TIEGVDAEDGHGPGEQQK,0.370000,0.057816,0.206667
33,VAEAFLSSLTETIE,0.500000,0.014116,0.379167
34,VLFHPNYNIN,0.680000,0.191987,0.445000
35,VLFHPNYNINGKKEAGIPEFYDYDVALIK,0.750000,0.015697,0.294167
36,VNLIEKVAS,0.300000,0.201189,0.608333
37,VNLIEKVASYGVKPRYGLVT,0.740000,0.054553,0.360833
38,VSEEEKKLTRKEVY,0.610000,0.062308,0.351667
