Seq ID,Seq,Anti-Microbial,Short Anti-Microbial,Short Anti-Microbial
0,AGYGINILGMDPLS,0.480000,0.196940,0.345833
1,ASSINDAPVLISQKLSPIY,0.360000,0.068650,0.288333
2,FELKEKLLRGTV,0.630000,0.599547,0.477500
3,GYGINILGMDPLS,0.560000,0.255303,0.369167
4,INILGMDPLSTPFD,0.410000,0.208180,0.292500
5,ISEGLPALEFPNEK,0.520000,0.475810,0.405000
6,ISQKLSPIY,0.600000,0.224497,0.416667
7,ISQKLSPIYNLVPVK,0.890000,0.173173,0.460833
8,KISEGLPALEFPNEK,0.780000,0.521068,0.460000
9,KSIIQEKTSNFN,0.590000,0.079925,0.385833
10,KSIIQEKTSNFNAAISLK,0.870000,0.309460,0.428333
11,NGGTVILMDGKC,0.150000,0.564181,0.446667
12,RAIEDYINEFS,0.820000,0.077095,0.211667
13,RTAGYGINILGMDPLS,0.660000,0.019799,0.172500
14,RTAGYGINILGMDPLSTPFD,0.610000,0.008135,0.150000
15,RTEHYEEQIEAFK,0.550000,0.049282,0.176667
16,TAGYGINILGMDPLS,0.420000,0.079610,0.274167
17,TTFVDDIKALPTT,0.580000,0.057355,0.365833
18,TVIDVTDFVNWASSINDAPVLIS,0.570000,0.039108,0.337500
19,VKGEIHLGRFVM,0.760000,0.775320,0.530833
20,VLISQKLSPIY,0.660000,0.175525,0.447500
21,VNWASSINDAPVLIS,0.560000,0.109692,0.377500
22,VTDFVNWASSINDAPVL,0.520000,0.055194,0.284167
23,VTDFVNWASSINDAPVLIS,0.510000,0.045238,0.315833
24,VTDFVNWASSINDAPVLISQKLSPIY,0.810000,0.014451,0.243333
25,VVLTTTFVDDIKALPTT,0.710000,0.087413,0.445000
26,YGINILGMDPLS,0.450000,0.202268,0.380833
27,YGINILGMDPLSTPFD,0.690000,0.094668,0.242500
