Seq ID,Seq,Anti-Microbial,Short Anti-Microbial,Short Anti-Microbial
0,AQKENAGEDPGLAR,0.420000,0.085789,0.162500
1,AVEDLESVGKG,0.480000,0.264079,0.420833
2,AVEDLESVGKGAVHDVKDVLDSVL,0.660000,0.051800,0.558333
3,AVHDVKDVLDSVL,0.600000,0.152589,0.563333
4,DAVEDLESVGKG,0.100000,0.124908,0.405000
5,DPGLARQAPKPRKQR,0.220000,0.320698,0.442500
6,DVKDVLDSVL,0.190000,0.291531,0.568333
7,EDLESVGKG,0.260000,0.452486,0.421667
8,EDLESVGKGAVHDVKDVLDSVL,0.330000,0.162059,0.555000
9,GAVHDVKDVLDSVL,0.840000,0.275866,0.573333
10,HDVKDVLDSV,0.650000,0.322452,0.539167
11,HDVKDVLDSVL,0.620000,0.431313,0.574167
12,KAVGGLGKLGKDAV,0.670000,0.675074,0.794167
13,KAVGGLGKLGKDAVEDL,0.880000,0.503378,0.668333
14,KDAVEDLESVG,0.780000,0.110489,0.367500
15,KDAVEDLESVGKG,0.800000,0.142166,0.498333
16,KDAVEDLESVGKGAVHDVKDVLDSV,0.780000,0.031237,0.566667
17,KENAGEDPGLARQ,0.410000,0.090831,0.152500
18,KGAVHDVKDVLDSV,0.880000,0.318996,0.610000
19,KGAVHDVKDVLDSVL,0.870000,0.393668,0.662500
20,KLGKDAVEDLESVG,0.770000,0.295915,0.524167
21,KLGKDAVEDLESVGK,0.760000,0.477667,0.546667
22,KLGKDAVEDLESVGKG,0.660000,0.427381,0.551667
23,LGKDAVEDLE,0.830000,0.267813,0.391667
24,LGKDAVEDLESVG,0.800000,0.223494,0.430833
25,LLEKGLDGA,0.580000,0.617342,0.559167
26,RSSLLEKGLDG,0.490000,0.598356,0.458333
27,RSSLLEKGLDGA,0.430000,0.514171,0.419167
28,RSSLLEKGLDGAK,0.460000,0.655777,0.563333
29,RSSLLEKGLDGAKK,0.560000,0.694492,0.585000
30,RSSLLEKGLDGAKKAVGGLGKLGKDAVEDLESVGKGAVHDVKDVLDSVL,0.850000,-1.000000,-1.000000
31,SSLLEKGLDGAK,0.460000,0.622477,0.675000
32,VHDVKDVLDSV,0.640000,0.313414,0.542500
33,VHDVKDVLDSVL,0.710000,0.378972,0.595000
34,VKDVLDSVL,0.400000,0.375669,0.593333
