Seq ID,Seq,Anti-Microbial,Short Anti-Microbial,Short Anti-Microbial
0,AFAPVAQFVN,0.410000,0.208865,0.414167
1,AHNLSRREPTR,0.390000,0.280892,0.337500
2,ANVNVRAVRVVL,0.380000,0.334573,0.525000
3,ARPHAWPFM,0.400000,0.111019,0.437500
4,ATLIAPNFVM,0.640000,0.552961,0.427500
5,CNGLIHGIA,0.340000,0.585682,0.698333
6,FAVQRIFENGYDPVN,0.760000,0.099140,0.156667
7,FAVQRIFENGYDPVNLLN,0.800000,0.072876,0.132500
8,FVNWIDSIIQRS,0.620000,0.103530,0.345833
9,IHGIASFVR,0.430000,0.418135,0.560000
10,MGWGLLGRN,0.700000,0.471126,0.465000
11,NWIDSIIQRS,0.330000,0.098397,0.361667
12,SGLYPDAFAPVA,0.540000,0.188913,0.317500
13,TRQVFAVQRIFENGYDPVNLLN,0.840000,0.094498,0.119167
14,VANVNVRAVR,0.570000,0.255804,0.500000
15,VANVNVRAVRVVL,0.810000,0.349019,0.543333
16,VAQFVNWIDSIIQRS,0.590000,0.064791,0.302500
17,VFAVQRIFENGYDPVN,0.780000,0.147932,0.162500
18,VLGAHNLSRREPTRQVFAVQ,0.770000,0.110230,0.248333
19,VNLLNDIVI,0.730000,0.214431,0.529167
20,VNWIDSIIQR,0.430000,0.065919,0.379167
21,VNWIDSIIQRS,0.480000,0.077498,0.357500
22,VQRIFENGYDP,0.690000,0.080449,0.144167
23,VQRIFENGYDPVN,0.730000,0.085906,0.180833
24,VQRIFENGYDPVNLLN,0.890000,0.047474,0.165000
25,VQRIFENGYDPVNLLNDIVI,0.800000,0.006441,0.163333
26,VRVVLGAHNLS,0.720000,0.225633,0.499167
27,VRVVLGAHNLSRR,0.910000,0.422318,0.555833
28,VRVVLGAHNLSRREPTR,0.920000,0.196694,0.370000
29,VVLGAHNLSRREPTR,0.740000,0.113124,0.341667
30,WIDSIIQRS,0.560000,0.272435,0.409167
