Seq ID,Seq,Anti-Microbial,Short Anti-Microbial,Short Anti-Microbial
0,AEDSLADQAANEWGRS,0.060000,0.058056,0.216667
1,ANYIGSDKYF,0.440000,0.389905,0.408333
2,ANYIGSDKYFH,0.340000,0.374186,0.405833
3,FFGHGAEDSLA,0.600000,0.067317,0.423333
4,FFGHGAEDSLADQ,0.640000,0.034239,0.284167
5,FFGHGAEDSLADQA,0.640000,0.024687,0.288333
6,FFGHGAEDSLADQAA,0.620000,0.022083,0.311667
7,FFGHGAEDSLADQAANEWG,0.710000,0.017714,0.293333
8,FFGHGAEDSLADQAANEWGR,0.630000,0.008574,0.239167
9,FFGHGAEDSLADQAANEWGRS,0.740000,0.006980,0.233333
10,FGHGAEDSLADQAANEWGRS,0.790000,0.009513,0.208333
11,FSFLGEAFDGARDMW,0.770000,0.026706,0.289167
12,GAEDSLADQAANEWGRS,0.150000,0.052654,0.216667
13,GHGAEDSLADQAANEWGRS,0.520000,0.019621,0.223333
14,GKDPNHFRPAG,0.550000,0.072504,0.344167
15,HGAEDSLADQAANEWGRS,0.520000,0.022028,0.209167
16,ISDARENIQRFF,0.610000,0.077142,0.293333
17,NYIGSDKYFH,0.350000,0.456639,0.425833
18,PGGVWAAEAIS,0.490000,0.319051,0.485000
19,PGGVWAAEAISDARENIQ,0.670000,0.108775,0.175000
20,REANYIGSDKYFH,0.770000,0.074106,0.233333
21,RFFGHGAEDSLA,0.640000,0.019045,0.328333
22,RFFGHGAEDSLAD,0.550000,0.011825,0.291667
23,RFFGHGAEDSLADQ,0.820000,0.012432,0.216667
24,RFFGHGAEDSLADQA,0.800000,0.008634,0.219167
25,RFFGHGAEDSLADQAA,0.830000,0.008031,0.240833
26,RFFGHGAEDSLADQAAN,0.900000,0.006233,0.218333
27,RFFGHGAEDSLADQAANEW,0.910000,0.012082,0.225000
28,RFFGHGAEDSLADQAANEWGR,0.890000,0.013119,0.255833
29,RFFGHGAEDSLADQAANEWGRS,0.860000,0.008565,0.250833
30,RPAGLPEKY,0.490000,0.252685,0.337500
31,RSFFSFLGEAFDG,0.490000,0.019842,0.348333
32,RSGKDPNHFRP,0.200000,0.285578,0.370000
33,RSGKDPNHFRPAG,0.340000,0.107218,0.340000
34,RSGKDPNHFRPAGLPEK,0.940000,0.245324,0.365000
35,SDARENIQRFF,0.270000,0.071444,0.274167
36,SFFSFLGEAFDG,0.540000,0.101445,0.460000
37,SFFSFLGEAFDGARDMW,0.790000,0.015670,0.292500
38,SFLGEAFDGARDMW,0.750000,0.031504,0.259167
39,SFLGEAFDGARDMWR,0.780000,0.033377,0.281667
40,YIGSDKYFH,0.430000,0.793818,0.463333
